round,train_loss_local_mean,train_accuracy,train_f1,validation_loss,validation_accuracy,validation_f1,test_loss,test_accuracy,test_f1,communication_cost_bytes
1,0.6931149210685339,0.9270833333333334,0.027777777777777776,0.6838468909263611,0.9354166666666667,0.03125,0.6848829388618469,0.8833333333333333,0.017543859649122806,5904
