round,train_loss_local_mean,train_accuracy,train_f1,validation_loss,validation_accuracy,validation_precision,validation_recall,validation_f1,validation_auroc,validation_pr_auc,validation_fpr,test_loss,test_accuracy,test_precision,test_recall,test_f1,test_auroc,test_pr_auc,test_fpr,threshold_used,communication_cost_bytes,validation_accuracy_default_threshold,validation_precision_default_threshold,validation_recall_default_threshold,validation_f1_default_threshold,validation_auroc_default_threshold,validation_pr_auc_default_threshold,validation_fpr_default_threshold,test_accuracy_default_threshold,test_precision_default_threshold,test_recall_default_threshold,test_f1_default_threshold,test_auroc_default_threshold,test_pr_auc_default_threshold,test_fpr_default_threshold
1,0.8375638333733002,0.935582504145937,0.09048780487804878,0.6670812368392944,0.9961259079903148,0.6,0.23076923076923078,0.3333333333333333,0.6506269327406262,0.21889868050020975,0.000648403306856865,0.6704546809196472,0.9878934624697336,0.3735632183908046,0.25390625,0.3023255813953488,0.6238157328025609,0.25843063169795416,0.004444625672810308,0.5270410180091858,2964080,0.9397901533494754,0.027247956403269755,0.38461538461538464,0.05089058524173028,0.6506269327406262,0.21889868050020975,0.057869995136975196,0.8777643260694108,0.03519946362722092,0.41015625,0.06483482556344551,0.6238157328025609,0.25843063169795416,0.11735442831511989
2,0.7971844598650932,0.9589552238805971,0.15051841258491241,0.6407438516616821,0.9963680387409201,0.6129032258064516,0.36538461538461536,0.4578313253012048,0.7230489840642418,0.3009026032777062,0.0009726049602852974,0.6456151008605957,0.9896287328490718,0.4962962962962963,0.26171875,0.34271099744245526,0.6494838283416245,0.27782971732573625,0.0027727939977165226,0.5511125326156616,2964080,0.9614608555286521,0.051633298208640675,0.47115384615384615,0.09306742640075974,0.7230489840642418,0.3009026032777062,0.036472686010698654,0.912227602905569,0.04931892907468295,0.41015625,0.0880503144654088,0.6494838283416245,0.27782971732573625,0.08253139781438591
